{"cameraMode":{"drawMode":0,"name":"Shaded","section":"Shading Mode"},"sceneLighting":true,"audioPlay":false,"sceneViewState":{"showFog":true,"showMaterialUpdate":false,"showSkybox":true,"showFlares":true,"showImageEffects":true,"showParticleSystems":true},"in2DMode":false,"pivot":{"x":5.229053020477295,"y":-0.8926606178283691,"z":4.442739009857178},"rotation":{"x":0.2557532489299774,"y":0.27169132232666018,"z":-0.07515744119882584,"w":0.9246934652328491},"size":17.011632919311525,"orthographic":false}